[{"pid":0,"ph":"i","name":"Memory sample","ts":1598114475667000,"args":{"JVM stats":"heap_memory_usage: 390380168\nnon_heap_memory_usage: 195790424\nloaded_class_count: 16741\nthread_count: 34\ngarbage_collection_stats {\n  name: \"PS Scavenge\"\n  gc_collections: 0\n  gc_time: 0\n}\ngarbage_collection_stats {\n  name: \"PS MarkSweep\"\n  gc_collections: 0\n  gc_time: 0\n}\n"}},{"pid":0,"ph":"i","name":"Memory sample","ts":1598114476182000,"args":{"JVM stats":"heap_memory_usage: 288286808\nnon_heap_memory_usage: 196030272\nloaded_class_count: 16741\nthread_count: 43\ngarbage_collection_stats {\n  name: \"PS Scavenge\"\n  gc_collections: 1\n  gc_time: 3\n}\ngarbage_collection_stats {\n  name: \"PS MarkSweep\"\n  gc_collections: 0\n  gc_time: 0\n}\n"}},{"pid":0,"ph":"i","name":"Memory sample","ts":1598114476185000,"args":{"JVM stats":"heap_memory_usage: 288286808\nnon_heap_memory_usage: 196030272\nloaded_class_count: 16741\nthread_count: 34\ngarbage_collection_stats {\n  name: \"PS Scavenge\"\n  gc_collections: 0\n  gc_time: 0\n}\ngarbage_collection_stats {\n  name: \"PS MarkSweep\"\n  gc_collections: 0\n  gc_time: 0\n}\n"}},{"pid":1,"tid":53,"id":2,"name":"base plugin project configure","args":{"span_id":"2","project":"id: 1\nandroid_plugin_version: \"3.0.1\"\nandroid_plugin: APPLICATION\nplugin_generation: FIRST\nbuild_tools_version: \"28.0.3\"\ncompile_sdk: \"android-28\"\nsplits {\n}\n"},"ph":"X","ts":1598114475668000,"dur":2000},{"pid":1,"tid":53,"id":3,"name":"base plugin project base extension creation","args":{"span_id":"3","project":"id: 1\nandroid_plugin_version: \"3.0.1\"\nandroid_plugin: APPLICATION\nplugin_generation: FIRST\nbuild_tools_version: \"28.0.3\"\ncompile_sdk: \"android-28\"\nsplits {\n}\n"},"ph":"X","ts":1598114475670000,"dur":1000},{"pid":1,"tid":53,"id":5,"name":"task manager create tasks","args":{"span_id":"5","project":"id: 1\nandroid_plugin_version: \"3.0.1\"\nandroid_plugin: APPLICATION\nplugin_generation: FIRST\nbuild_tools_version: \"28.0.3\"\ncompile_sdk: \"android-28\"\nsplits {\n}\n"},"ph":"X","ts":1598114475671000,"dur":1000},{"pid":1,"tid":53,"id":4,"name":"base plugin project tasks creation","args":{"span_id":"4","project":"id: 1\nandroid_plugin_version: \"3.0.1\"\nandroid_plugin: APPLICATION\nplugin_generation: FIRST\nbuild_tools_version: \"28.0.3\"\ncompile_sdk: \"android-28\"\nsplits {\n}\n"},"ph":"X","ts":1598114475671000,"dur":1000},{"pid":1,"tid":53,"id":8,"name":"variant manager create variants","args":{"span_id":"8","project":"id: 1\nandroid_plugin_version: \"3.0.1\"\nandroid_plugin: APPLICATION\nplugin_generation: FIRST\nbuild_tools_version: \"28.0.3\"\ncompile_sdk: \"android-28\"\nsplits {\n}\n"},"ph":"X","ts":1598114475693000,"dur":2000},{"pid":1,"tid":53,"id":9,"name":"variant manager create tests tasks","args":{"span_id":"9","project":"id: 1\nandroid_plugin_version: \"3.0.1\"\nandroid_plugin: APPLICATION\nplugin_generation: FIRST\nbuild_tools_version: \"28.0.3\"\ncompile_sdk: \"android-28\"\nsplits {\n}\n"},"ph":"X","ts":1598114475695000,"dur":1000},{"pid":1,"tid":53,"id":11,"name":"app task manager create merge manifest task","args":{"span_id":"11","project":"id: 1\nandroid_plugin_version: \"3.0.1\"\nandroid_plugin: APPLICATION\nplugin_generation: FIRST\nbuild_tools_version: \"28.0.3\"\ncompile_sdk: \"android-28\"\nsplits {\n}\n","variant":"id: 1\nis_debug: true\nminify_enabled: false\nuse_multidex: false\nuse_legacy_multidex: false\nvariant_type: APPLICATION\nmin_sdk_version {\n  api_level: 21\n}\ntarget_sdk_version {\n  api_level: 28\n}\ndex_builder: DX_DEXER\ndex_merger: DX_MERGER\n"},"ph":"X","ts":1598114475696000,"dur":100},{"pid":1,"tid":53,"id":12,"name":"app task manager create generate res values task","args":{"span_id":"12","project":"id: 1\nandroid_plugin_version: \"3.0.1\"\nandroid_plugin: APPLICATION\nplugin_generation: FIRST\nbuild_tools_version: \"28.0.3\"\ncompile_sdk: \"android-28\"\nsplits {\n}\n","variant":"id: 1\nis_debug: true\nminify_enabled: false\nuse_multidex: false\nuse_legacy_multidex: false\nvariant_type: APPLICATION\nmin_sdk_version {\n  api_level: 21\n}\ntarget_sdk_version {\n  api_level: 28\n}\ndex_builder: DX_DEXER\ndex_merger: DX_MERGER\n"},"ph":"X","ts":1598114475696000,"dur":100},{"pid":1,"tid":53,"id":13,"name":"app task manager create create renderscript task","args":{"span_id":"13","project":"id: 1\nandroid_plugin_version: \"3.0.1\"\nandroid_plugin: APPLICATION\nplugin_generation: FIRST\nbuild_tools_version: \"28.0.3\"\ncompile_sdk: \"android-28\"\nsplits {\n}\n","variant":"id: 1\nis_debug: true\nminify_enabled: false\nuse_multidex: false\nuse_legacy_multidex: false\nvariant_type: APPLICATION\nmin_sdk_version {\n  api_level: 21\n}\ntarget_sdk_version {\n  api_level: 28\n}\ndex_builder: DX_DEXER\ndex_merger: DX_MERGER\n"},"ph":"X","ts":1598114475696000,"dur":1000},{"pid":1,"tid":53,"id":14,"name":"app task manager create merge resources task","args":{"span_id":"14","project":"id: 1\nandroid_plugin_version: \"3.0.1\"\nandroid_plugin: APPLICATION\nplugin_generation: FIRST\nbuild_tools_version: \"28.0.3\"\ncompile_sdk: \"android-28\"\nsplits {\n}\n","variant":"id: 1\nis_debug: true\nminify_enabled: false\nuse_multidex: false\nuse_legacy_multidex: false\nvariant_type: APPLICATION\nmin_sdk_version {\n  api_level: 21\n}\ntarget_sdk_version {\n  api_level: 28\n}\ndex_builder: DX_DEXER\ndex_merger: DX_MERGER\n"},"ph":"X","ts":1598114475697000,"dur":100},{"pid":1,"tid":53,"id":15,"name":"app task manager create merge assets task","args":{"span_id":"15","project":"id: 1\nandroid_plugin_version: \"3.0.1\"\nandroid_plugin: APPLICATION\nplugin_generation: FIRST\nbuild_tools_version: \"28.0.3\"\ncompile_sdk: \"android-28\"\nsplits {\n}\n","variant":"id: 1\nis_debug: true\nminify_enabled: false\nuse_multidex: false\nuse_legacy_multidex: false\nvariant_type: APPLICATION\nmin_sdk_version {\n  api_level: 21\n}\ntarget_sdk_version {\n  api_level: 28\n}\ndex_builder: DX_DEXER\ndex_merger: DX_MERGER\n"},"ph":"X","ts":1598114475697000,"dur":100},{"pid":1,"tid":53,"id":16,"name":"app task manager create build config task","args":{"span_id":"16","project":"id: 1\nandroid_plugin_version: \"3.0.1\"\nandroid_plugin: APPLICATION\nplugin_generation: FIRST\nbuild_tools_version: \"28.0.3\"\ncompile_sdk: \"android-28\"\nsplits {\n}\n","variant":"id: 1\nis_debug: true\nminify_enabled: false\nuse_multidex: false\nuse_legacy_multidex: false\nvariant_type: APPLICATION\nmin_sdk_version {\n  api_level: 21\n}\ntarget_sdk_version {\n  api_level: 28\n}\ndex_builder: DX_DEXER\ndex_merger: DX_MERGER\n"},"ph":"X","ts":1598114475697000,"dur":100},{"pid":1,"tid":53,"id":17,"name":"app task manager create process res task","args":{"span_id":"17","project":"id: 1\nandroid_plugin_version: \"3.0.1\"\nandroid_plugin: APPLICATION\nplugin_generation: FIRST\nbuild_tools_version: \"28.0.3\"\ncompile_sdk: \"android-28\"\nsplits {\n}\n","variant":"id: 1\nis_debug: true\nminify_enabled: false\nuse_multidex: false\nuse_legacy_multidex: false\nvariant_type: APPLICATION\nmin_sdk_version {\n  api_level: 21\n}\ntarget_sdk_version {\n  api_level: 28\n}\ndex_builder: DX_DEXER\ndex_merger: DX_MERGER\n"},"ph":"X","ts":1598114475697000,"dur":2000},{"pid":1,"tid":53,"id":18,"name":"app task manager create aidl task","args":{"span_id":"18","project":"id: 1\nandroid_plugin_version: \"3.0.1\"\nandroid_plugin: APPLICATION\nplugin_generation: FIRST\nbuild_tools_version: \"28.0.3\"\ncompile_sdk: \"android-28\"\nsplits {\n}\n","variant":"id: 1\nis_debug: true\nminify_enabled: false\nuse_multidex: false\nuse_legacy_multidex: false\nvariant_type: APPLICATION\nmin_sdk_version {\n  api_level: 21\n}\ntarget_sdk_version {\n  api_level: 28\n}\ndex_builder: DX_DEXER\ndex_merger: DX_MERGER\n"},"ph":"X","ts":1598114475699000,"dur":100},{"pid":1,"tid":53,"id":19,"name":"app task manager create shader task","args":{"span_id":"19","project":"id: 1\nandroid_plugin_version: \"3.0.1\"\nandroid_plugin: APPLICATION\nplugin_generation: FIRST\nbuild_tools_version: \"28.0.3\"\ncompile_sdk: \"android-28\"\nsplits {\n}\n","variant":"id: 1\nis_debug: true\nminify_enabled: false\nuse_multidex: false\nuse_legacy_multidex: false\nvariant_type: APPLICATION\nmin_sdk_version {\n  api_level: 21\n}\ntarget_sdk_version {\n  api_level: 28\n}\ndex_builder: DX_DEXER\ndex_merger: DX_MERGER\n"},"ph":"X","ts":1598114475699000,"dur":100},{"pid":1,"tid":53,"id":20,"name":"app task manager create ndk task","args":{"span_id":"20","project":"id: 1\nandroid_plugin_version: \"3.0.1\"\nandroid_plugin: APPLICATION\nplugin_generation: FIRST\nbuild_tools_version: \"28.0.3\"\ncompile_sdk: \"android-28\"\nsplits {\n}\n","variant":"id: 1\nis_debug: true\nminify_enabled: false\nuse_multidex: false\nuse_legacy_multidex: false\nvariant_type: APPLICATION\nmin_sdk_version {\n  api_level: 21\n}\ntarget_sdk_version {\n  api_level: 28\n}\ndex_builder: DX_DEXER\ndex_merger: DX_MERGER\n"},"ph":"X","ts":1598114475699000,"dur":100},{"pid":1,"tid":53,"id":21,"name":"app task manager create external native build task","args":{"span_id":"21","project":"id: 1\nandroid_plugin_version: \"3.0.1\"\nandroid_plugin: APPLICATION\nplugin_generation: FIRST\nbuild_tools_version: \"28.0.3\"\ncompile_sdk: \"android-28\"\nsplits {\n}\n","variant":"id: 1\nis_debug: true\nminify_enabled: false\nuse_multidex: false\nuse_legacy_multidex: false\nvariant_type: APPLICATION\nmin_sdk_version {\n  api_level: 21\n}\ntarget_sdk_version {\n  api_level: 28\n}\ndex_builder: DX_DEXER\ndex_merger: DX_MERGER\n"},"ph":"X","ts":1598114475699000,"dur":100},{"pid":1,"tid":53,"id":22,"name":"app task manager create merge jnilibs folders task","args":{"span_id":"22","project":"id: 1\nandroid_plugin_version: \"3.0.1\"\nandroid_plugin: APPLICATION\nplugin_generation: FIRST\nbuild_tools_version: \"28.0.3\"\ncompile_sdk: \"android-28\"\nsplits {\n}\n","variant":"id: 1\nis_debug: true\nminify_enabled: false\nuse_multidex: false\nuse_legacy_multidex: false\nvariant_type: APPLICATION\nmin_sdk_version {\n  api_level: 21\n}\ntarget_sdk_version {\n  api_level: 28\n}\ndex_builder: DX_DEXER\ndex_merger: DX_MERGER\n"},"ph":"X","ts":1598114475699000,"dur":1000},{"pid":1,"tid":53,"id":23,"name":"app task manager create compile task","args":{"span_id":"23","project":"id: 1\nandroid_plugin_version: \"3.0.1\"\nandroid_plugin: APPLICATION\nplugin_generation: FIRST\nbuild_tools_version: \"28.0.3\"\ncompile_sdk: \"android-28\"\nsplits {\n}\n","variant":"id: 1\nis_debug: true\nminify_enabled: false\nuse_multidex: false\nuse_legacy_multidex: false\nvariant_type: APPLICATION\nmin_sdk_version {\n  api_level: 21\n}\ntarget_sdk_version {\n  api_level: 28\n}\ndex_builder: DX_DEXER\ndex_merger: DX_MERGER\n"},"ph":"X","ts":1598114475700000,"dur":1000},{"pid":1,"tid":53,"id":24,"name":"app task manager create packaging task","args":{"span_id":"24","project":"id: 1\nandroid_plugin_version: \"3.0.1\"\nandroid_plugin: APPLICATION\nplugin_generation: FIRST\nbuild_tools_version: \"28.0.3\"\ncompile_sdk: \"android-28\"\nsplits {\n}\n","variant":"id: 1\nis_debug: true\nminify_enabled: false\nuse_multidex: false\nuse_legacy_multidex: false\nvariant_type: APPLICATION\nmin_sdk_version {\n  api_level: 21\n}\ntarget_sdk_version {\n  api_level: 28\n}\ndex_builder: DX_DEXER\ndex_merger: DX_MERGER\n"},"ph":"X","ts":1598114475701000,"dur":100},{"pid":1,"tid":53,"id":25,"name":"app task manager create lint task","args":{"span_id":"25","project":"id: 1\nandroid_plugin_version: \"3.0.1\"\nandroid_plugin: APPLICATION\nplugin_generation: FIRST\nbuild_tools_version: \"28.0.3\"\ncompile_sdk: \"android-28\"\nsplits {\n}\n","variant":"id: 1\nis_debug: true\nminify_enabled: false\nuse_multidex: false\nuse_legacy_multidex: false\nvariant_type: APPLICATION\nmin_sdk_version {\n  api_level: 21\n}\ntarget_sdk_version {\n  api_level: 28\n}\ndex_builder: DX_DEXER\ndex_merger: DX_MERGER\n"},"ph":"X","ts":1598114475701000,"dur":100},{"pid":1,"tid":53,"id":10,"name":"variant manager create tasks for variant","args":{"span_id":"10","project":"id: 1\nandroid_plugin_version: \"3.0.1\"\nandroid_plugin: APPLICATION\nplugin_generation: FIRST\nbuild_tools_version: \"28.0.3\"\ncompile_sdk: \"android-28\"\nsplits {\n}\n","variant":"id: 1\nis_debug: true\nminify_enabled: false\nuse_multidex: false\nuse_legacy_multidex: false\nvariant_type: APPLICATION\nmin_sdk_version {\n  api_level: 21\n}\ntarget_sdk_version {\n  api_level: 28\n}\ndex_builder: DX_DEXER\ndex_merger: DX_MERGER\n"},"ph":"X","ts":1598114475696000,"dur":5000},{"pid":1,"tid":53,"id":26,"name":"variant manager create tasks for variant","args":{"span_id":"26","project":"id: 1\nandroid_plugin_version: \"3.0.1\"\nandroid_plugin: APPLICATION\nplugin_generation: FIRST\nbuild_tools_version: \"28.0.3\"\ncompile_sdk: \"android-28\"\nsplits {\n}\n"},"ph":"X","ts":1598114475701000,"dur":2000},{"pid":1,"tid":53,"id":28,"name":"app task manager create merge manifest task","args":{"span_id":"28","project":"id: 1\nandroid_plugin_version: \"3.0.1\"\nandroid_plugin: APPLICATION\nplugin_generation: FIRST\nbuild_tools_version: \"28.0.3\"\ncompile_sdk: \"android-28\"\nsplits {\n}\n","variant":"id: 2\nis_debug: false\nminify_enabled: false\nuse_multidex: false\nuse_legacy_multidex: false\nvariant_type: APPLICATION\nmin_sdk_version {\n  api_level: 21\n}\ntarget_sdk_version {\n  api_level: 28\n}\ndex_builder: DX_DEXER\ndex_merger: DX_MERGER\n"},"ph":"X","ts":1598114475703000,"dur":100},{"pid":1,"tid":53,"id":29,"name":"app task manager create generate res values task","args":{"span_id":"29","project":"id: 1\nandroid_plugin_version: \"3.0.1\"\nandroid_plugin: APPLICATION\nplugin_generation: FIRST\nbuild_tools_version: \"28.0.3\"\ncompile_sdk: \"android-28\"\nsplits {\n}\n","variant":"id: 2\nis_debug: false\nminify_enabled: false\nuse_multidex: false\nuse_legacy_multidex: false\nvariant_type: APPLICATION\nmin_sdk_version {\n  api_level: 21\n}\ntarget_sdk_version {\n  api_level: 28\n}\ndex_builder: DX_DEXER\ndex_merger: DX_MERGER\n"},"ph":"X","ts":1598114475703000,"dur":100},{"pid":1,"tid":53,"id":30,"name":"app task manager create create renderscript task","args":{"span_id":"30","project":"id: 1\nandroid_plugin_version: \"3.0.1\"\nandroid_plugin: APPLICATION\nplugin_generation: FIRST\nbuild_tools_version: \"28.0.3\"\ncompile_sdk: \"android-28\"\nsplits {\n}\n","variant":"id: 2\nis_debug: false\nminify_enabled: false\nuse_multidex: false\nuse_legacy_multidex: false\nvariant_type: APPLICATION\nmin_sdk_version {\n  api_level: 21\n}\ntarget_sdk_version {\n  api_level: 28\n}\ndex_builder: DX_DEXER\ndex_merger: DX_MERGER\n"},"ph":"X","ts":1598114475703000,"dur":100},{"pid":1,"tid":53,"id":31,"name":"app task manager create merge resources task","args":{"span_id":"31","project":"id: 1\nandroid_plugin_version: \"3.0.1\"\nandroid_plugin: APPLICATION\nplugin_generation: FIRST\nbuild_tools_version: \"28.0.3\"\ncompile_sdk: \"android-28\"\nsplits {\n}\n","variant":"id: 2\nis_debug: false\nminify_enabled: false\nuse_multidex: false\nuse_legacy_multidex: false\nvariant_type: APPLICATION\nmin_sdk_version {\n  api_level: 21\n}\ntarget_sdk_version {\n  api_level: 28\n}\ndex_builder: DX_DEXER\ndex_merger: DX_MERGER\n"},"ph":"X","ts":1598114475703000,"dur":100},{"pid":1,"tid":53,"id":32,"name":"app task manager create merge assets task","args":{"span_id":"32","project":"id: 1\nandroid_plugin_version: \"3.0.1\"\nandroid_plugin: APPLICATION\nplugin_generation: FIRST\nbuild_tools_version: \"28.0.3\"\ncompile_sdk: \"android-28\"\nsplits {\n}\n","variant":"id: 2\nis_debug: false\nminify_enabled: false\nuse_multidex: false\nuse_legacy_multidex: false\nvariant_type: APPLICATION\nmin_sdk_version {\n  api_level: 21\n}\ntarget_sdk_version {\n  api_level: 28\n}\ndex_builder: DX_DEXER\ndex_merger: DX_MERGER\n"},"ph":"X","ts":1598114475703000,"dur":100},{"pid":1,"tid":53,"id":33,"name":"app task manager create build config task","args":{"span_id":"33","project":"id: 1\nandroid_plugin_version: \"3.0.1\"\nandroid_plugin: APPLICATION\nplugin_generation: FIRST\nbuild_tools_version: \"28.0.3\"\ncompile_sdk: \"android-28\"\nsplits {\n}\n","variant":"id: 2\nis_debug: false\nminify_enabled: false\nuse_multidex: false\nuse_legacy_multidex: false\nvariant_type: APPLICATION\nmin_sdk_version {\n  api_level: 21\n}\ntarget_sdk_version {\n  api_level: 28\n}\ndex_builder: DX_DEXER\ndex_merger: DX_MERGER\n"},"ph":"X","ts":1598114475703000,"dur":100},{"pid":1,"tid":53,"id":34,"name":"app task manager create process res task","args":{"span_id":"34","project":"id: 1\nandroid_plugin_version: \"3.0.1\"\nandroid_plugin: APPLICATION\nplugin_generation: FIRST\nbuild_tools_version: \"28.0.3\"\ncompile_sdk: \"android-28\"\nsplits {\n}\n","variant":"id: 2\nis_debug: false\nminify_enabled: false\nuse_multidex: false\nuse_legacy_multidex: false\nvariant_type: APPLICATION\nmin_sdk_version {\n  api_level: 21\n}\ntarget_sdk_version {\n  api_level: 28\n}\ndex_builder: DX_DEXER\ndex_merger: DX_MERGER\n"},"ph":"X","ts":1598114475703000,"dur":1000},{"pid":1,"tid":53,"id":35,"name":"app task manager create aidl task","args":{"span_id":"35","project":"id: 1\nandroid_plugin_version: \"3.0.1\"\nandroid_plugin: APPLICATION\nplugin_generation: FIRST\nbuild_tools_version: \"28.0.3\"\ncompile_sdk: \"android-28\"\nsplits {\n}\n","variant":"id: 2\nis_debug: false\nminify_enabled: false\nuse_multidex: false\nuse_legacy_multidex: false\nvariant_type: APPLICATION\nmin_sdk_version {\n  api_level: 21\n}\ntarget_sdk_version {\n  api_level: 28\n}\ndex_builder: DX_DEXER\ndex_merger: DX_MERGER\n"},"ph":"X","ts":1598114475704000,"dur":100},{"pid":1,"tid":53,"id":36,"name":"app task manager create shader task","args":{"span_id":"36","project":"id: 1\nandroid_plugin_version: \"3.0.1\"\nandroid_plugin: APPLICATION\nplugin_generation: FIRST\nbuild_tools_version: \"28.0.3\"\ncompile_sdk: \"android-28\"\nsplits {\n}\n","variant":"id: 2\nis_debug: false\nminify_enabled: false\nuse_multidex: false\nuse_legacy_multidex: false\nvariant_type: APPLICATION\nmin_sdk_version {\n  api_level: 21\n}\ntarget_sdk_version {\n  api_level: 28\n}\ndex_builder: DX_DEXER\ndex_merger: DX_MERGER\n"},"ph":"X","ts":1598114475704000,"dur":100},{"pid":1,"tid":53,"id":37,"name":"app task manager create ndk task","args":{"span_id":"37","project":"id: 1\nandroid_plugin_version: \"3.0.1\"\nandroid_plugin: APPLICATION\nplugin_generation: FIRST\nbuild_tools_version: \"28.0.3\"\ncompile_sdk: \"android-28\"\nsplits {\n}\n","variant":"id: 2\nis_debug: false\nminify_enabled: false\nuse_multidex: false\nuse_legacy_multidex: false\nvariant_type: APPLICATION\nmin_sdk_version {\n  api_level: 21\n}\ntarget_sdk_version {\n  api_level: 28\n}\ndex_builder: DX_DEXER\ndex_merger: DX_MERGER\n"},"ph":"X","ts":1598114475704000,"dur":100},{"pid":1,"tid":53,"id":38,"name":"app task manager create external native build task","args":{"span_id":"38","project":"id: 1\nandroid_plugin_version: \"3.0.1\"\nandroid_plugin: APPLICATION\nplugin_generation: FIRST\nbuild_tools_version: \"28.0.3\"\ncompile_sdk: \"android-28\"\nsplits {\n}\n","variant":"id: 2\nis_debug: false\nminify_enabled: false\nuse_multidex: false\nuse_legacy_multidex: false\nvariant_type: APPLICATION\nmin_sdk_version {\n  api_level: 21\n}\ntarget_sdk_version {\n  api_level: 28\n}\ndex_builder: DX_DEXER\ndex_merger: DX_MERGER\n"},"ph":"X","ts":1598114475704000,"dur":100},{"pid":1,"tid":53,"id":39,"name":"app task manager create merge jnilibs folders task","args":{"span_id":"39","project":"id: 1\nandroid_plugin_version: \"3.0.1\"\nandroid_plugin: APPLICATION\nplugin_generation: FIRST\nbuild_tools_version: \"28.0.3\"\ncompile_sdk: \"android-28\"\nsplits {\n}\n","variant":"id: 2\nis_debug: false\nminify_enabled: false\nuse_multidex: false\nuse_legacy_multidex: false\nvariant_type: APPLICATION\nmin_sdk_version {\n  api_level: 21\n}\ntarget_sdk_version {\n  api_level: 28\n}\ndex_builder: DX_DEXER\ndex_merger: DX_MERGER\n"},"ph":"X","ts":1598114475704000,"dur":1000},{"pid":1,"tid":53,"id":40,"name":"app task manager create compile task","args":{"span_id":"40","project":"id: 1\nandroid_plugin_version: \"3.0.1\"\nandroid_plugin: APPLICATION\nplugin_generation: FIRST\nbuild_tools_version: \"28.0.3\"\ncompile_sdk: \"android-28\"\nsplits {\n}\n","variant":"id: 2\nis_debug: false\nminify_enabled: false\nuse_multidex: false\nuse_legacy_multidex: false\nvariant_type: APPLICATION\nmin_sdk_version {\n  api_level: 21\n}\ntarget_sdk_version {\n  api_level: 28\n}\ndex_builder: DX_DEXER\ndex_merger: DX_MERGER\n"},"ph":"X","ts":1598114475705000,"dur":100},{"pid":1,"tid":53,"id":41,"name":"app task manager create packaging task","args":{"span_id":"41","project":"id: 1\nandroid_plugin_version: \"3.0.1\"\nandroid_plugin: APPLICATION\nplugin_generation: FIRST\nbuild_tools_version: \"28.0.3\"\ncompile_sdk: \"android-28\"\nsplits {\n}\n","variant":"id: 2\nis_debug: false\nminify_enabled: false\nuse_multidex: false\nuse_legacy_multidex: false\nvariant_type: APPLICATION\nmin_sdk_version {\n  api_level: 21\n}\ntarget_sdk_version {\n  api_level: 28\n}\ndex_builder: DX_DEXER\ndex_merger: DX_MERGER\n"},"ph":"X","ts":1598114475705000,"dur":1000},{"pid":1,"tid":53,"id":42,"name":"app task manager create lint task","args":{"span_id":"42","project":"id: 1\nandroid_plugin_version: \"3.0.1\"\nandroid_plugin: APPLICATION\nplugin_generation: FIRST\nbuild_tools_version: \"28.0.3\"\ncompile_sdk: \"android-28\"\nsplits {\n}\n","variant":"id: 2\nis_debug: false\nminify_enabled: false\nuse_multidex: false\nuse_legacy_multidex: false\nvariant_type: APPLICATION\nmin_sdk_version {\n  api_level: 21\n}\ntarget_sdk_version {\n  api_level: 28\n}\ndex_builder: DX_DEXER\ndex_merger: DX_MERGER\n"},"ph":"X","ts":1598114475706000,"dur":100},{"pid":1,"tid":53,"id":27,"name":"variant manager create tasks for variant","args":{"span_id":"27","project":"id: 1\nandroid_plugin_version: \"3.0.1\"\nandroid_plugin: APPLICATION\nplugin_generation: FIRST\nbuild_tools_version: \"28.0.3\"\ncompile_sdk: \"android-28\"\nsplits {\n}\n","variant":"id: 2\nis_debug: false\nminify_enabled: false\nuse_multidex: false\nuse_legacy_multidex: false\nvariant_type: APPLICATION\nmin_sdk_version {\n  api_level: 21\n}\ntarget_sdk_version {\n  api_level: 28\n}\ndex_builder: DX_DEXER\ndex_merger: DX_MERGER\n"},"ph":"X","ts":1598114475703000,"dur":3000},{"pid":1,"tid":53,"id":43,"name":"variant manager create tasks for variant","args":{"span_id":"43","project":"id: 1\nandroid_plugin_version: \"3.0.1\"\nandroid_plugin: APPLICATION\nplugin_generation: FIRST\nbuild_tools_version: \"28.0.3\"\ncompile_sdk: \"android-28\"\nsplits {\n}\n"},"ph":"X","ts":1598114475706000,"dur":1000},{"pid":1,"tid":53,"id":44,"name":"variant manager create tasks for variant","args":{"span_id":"44","project":"id: 1\nandroid_plugin_version: \"3.0.1\"\nandroid_plugin: APPLICATION\nplugin_generation: FIRST\nbuild_tools_version: \"28.0.3\"\ncompile_sdk: \"android-28\"\nsplits {\n}\n"},"ph":"X","ts":1598114475707000,"dur":6000},{"pid":1,"tid":53,"id":7,"name":"variant manager create android tasks","args":{"span_id":"7","project":"id: 1\nandroid_plugin_version: \"3.0.1\"\nandroid_plugin: APPLICATION\nplugin_generation: FIRST\nbuild_tools_version: \"28.0.3\"\ncompile_sdk: \"android-28\"\nsplits {\n}\n"},"ph":"X","ts":1598114475693000,"dur":20000},{"pid":1,"tid":53,"id":45,"name":"variant manager external native config values","args":{"span_id":"45","project":"id: 1\nandroid_plugin_version: \"3.0.1\"\nandroid_plugin: APPLICATION\nplugin_generation: FIRST\nbuild_tools_version: \"28.0.3\"\ncompile_sdk: \"android-28\"\nsplits {\n}\n"},"ph":"X","ts":1598114475714000,"dur":100},{"pid":1,"tid":53,"id":6,"name":"base plugin create android tasks","args":{"span_id":"6","project":"id: 1\nandroid_plugin_version: \"3.0.1\"\nandroid_plugin: APPLICATION\nplugin_generation: FIRST\nbuild_tools_version: \"28.0.3\"\ncompile_sdk: \"android-28\"\nsplits {\n}\n"},"ph":"X","ts":1598114475673000,"dur":41000},{"pid":1,"tid":0,"id":46,"name":"task: delete","args":{"span_id":"46","project":"id: 1\nandroid_plugin_version: \"3.0.1\"\nandroid_plugin: APPLICATION\nplugin_generation: FIRST\nbuild_tools_version: \"28.0.3\"\ncompile_sdk: \"android-28\"\nsplits {\n}\n","task":"type: 104\ndid_work: true\nskipped: false\nup_to_date: false\nfailed: false\n"},"ph":"X","ts":1598114475718000,"dur":464000},{"pid":1,"tid":53,"id":47,"name":"base plugin build finished","args":{"span_id":"47","project":"id: 1\nandroid_plugin_version: \"3.0.1\"\nandroid_plugin: APPLICATION\nplugin_generation: FIRST\nbuild_tools_version: \"28.0.3\"\ncompile_sdk: \"android-28\"\nsplits {\n}\n"},"ph":"X","ts":1598114476184000,"dur":100}]